<component xmlns="http://adobe.com/idp/dsc/component/document">
   <component-id>com.adobe.livecycle.authentication.ic.SampleAssignmentProvider</component-id>
   <version>1.0</version>    
   <lifecycle-class>com.adobe.livecycle.authentication.ic.LifeCycleImpl</lifecycle-class>
   <descriptor-class>com.adobe.idp.dsc.component.impl.DefaultPOJODescriptorImpl</descriptor-class>
   <services>
      <service name="SampleAssignmentProvider">
      	  <implementation-class>com.adobe.livecycle.authentication.ic.CustomAssignmentProvider</implementation-class>
          <specifications>
				<specification spec-id="com.adobe.idp.um.spi.authentication.AssignmentProvider"/>
          </specifications>
         <operations>
            <operation name="assign" method="assign" >
               <input-parameter name="user" type="com.adobe.idp.um.api.infomodel.User" />
               <output-parameter name="echoed-value" type="java.lang.Boolean"/>
            </operation>
            <operation name="getName" method="getName" >
               <output-parameter name="echoed-value" type="java.lang.String"/>
            </operation>
           </operations>
       </service>
   </services>
</component>
