<component xmlns="http://adobe.com/idp/dsc/component/document">
   <component-id>com.adobe.livecycle.authentication.ic.SampleIdentityCreator</component-id>
   <version>1.0</version>    
   <lifecycle-class>com.adobe.livecycle.authentication.ic.LifeCycleImpl</lifecycle-class>
   <descriptor-class>com.adobe.idp.dsc.component.impl.DefaultPOJODescriptorImpl</descriptor-class>
   <services>
      <service name="SampleIdentityCreator">
      	  <implementation-class>com.adobe.livecycle.authentication.ic.CustomIdentityCreator</implementation-class>
          <specifications>
				<specification spec-id="com.adobe.idp.um.spi.authentication.IdentityCreator"/>
          </specifications>
         <operations>
            <operation name="create" method="create" >
               <input-parameter name="userBO" type="com.adobe.idp.um.spi.authentication.UserProvisioningBO" />
               <output-parameter name="echoed-value" type="com.adobe.idp.um.spi.authentication.AuthResponse"/>
            </operation>
            <operation name="getName" method="getName" >
               <output-parameter name="echoed-value" type="java.lang.String"/>
            </operation>
           </operations>
       </service>
   </services>
</component>
